text,image,label
watch out for aggressive meat salesman police tell dripping springs,3o3rlo.jpg,1
my washer and dryer ended up with the same amount of time left despite starting at different times,ciogw5.jpg,1
my grandmas fairly wellorganized refrigerator,9k0h0t.jpg,1
early space invaders concept art,cyetc3.jpg,0
misery last dance,77i4aq.jpg,0
rand paul open to beerdelivering drones,1k1lty.jpg,1
interview,cp3wgf2.jpg,0
evil monkey orchids,57rhj6.jpg,0
my bell pepper had a tiny bell pepper inside it,dag73f.jpg,1
moscow ussr date unknown,d9erpc.jpg,0
this horribly taxidermied dik dik i think or maybe mouse deer,2pcg7d.jpg,1
be good little americans,d665vax.jpg,0
north korean air force bombing seoul during the korean war,b1d1hj.jpg,0
animee morph,cy3muxr.jpg,0
this,d8felx1.jpg,0
mothafuckin space,c4xp0k7.jpg,0
the amount of lost id cards and credit cards after st patricks day at the bar i work at,b3wkju.jpg,1
breakfast with john t,covimo4.jpg,0
the way the cars made a string out of leaves,cs40lw.jpg,1
new drink driving lanes proposed in ireland,axnaer.jpg,0
panama city panama cityscape at night,64qd2o.jpg,1
really excited drummer,5rhizs.jpg,1
rd cosplay,38zki8.jpg,0
a worried gift bag,15fdeg.jpg,0
i tried my best,c5i7uml.jpg,0
princess dianas final words revealed by firefighter who was at scene of her death,92bwto.jpg,0
ice wall irish vale cape breton,awy85j.jpg,1
this walle made from bike chains bought on venice beach,cyfti8.jpg,1
i dont know really,dt4sgkb.jpg,0
the back of this asda receipt today was pink to raise awareness for breast cancer,azfynh.jpg,1
reddit is founded circa,c0d6sw.jpg,0
this unexpectedly long table soccer,cjruk1.jpg,1
creepy deer,3pgxkc.jpg,0
this smiling dog,bopb6s.jpg,1
so majestic,cdwxvhz.jpg,0
this far,d9t0j4t.jpg,0
relax babe youre too tense,cgxdf6v.jpg,0
almost has a ninja turtle vibe,8akm5j.jpg,0
ill see your john travolta having fun at the beach and raise you benedict cumberbatch having fun at the airport,1i6s60.jpg,1
they said what find out what bob dylan clint eastwood peter jackson and more have to say,7sfgsh.jpg,0
my friend midflip,26kwdf.jpg,1
banff ditches bigbang canada day fireworks to protect wildlife,8vjf6c.jpg,1
ill man helps homeless one sock at a time,1tqine.jpg,1
he can show up anywhere anytime,cjl7kic.jpg,0
ready for the bossfight,di39upw.jpg,0
